INSERT INTO Kunder (Kund_ID, Förnamn, Efternamn, Personnummer, Telefonnummer)
VALUES
(13, 'Anna', 'Svensson', 199001010001, 701234567),
(14, 'Erik', 'Johansson', 198505050005, 707654321),
(15, 'Lisa', 'Karlsson', 199305030003, 734567890),
(16, 'Oskar', 'Nilsson', 199701010001, 739876543),
(17, 'Emma', 'Andersson', 199910100009, 765432109),
(18, 'Johan', 'Persson', 197812120012, 702345678),
(19, 'Karin', 'Gustafsson', 199511050011, 708765432),
(20, 'Fredrik', 'Håkansson', 198203020008, 706781234),
(21, 'Malin', 'Bergström', 199408080004, 733456723),
(22, 'Sara', 'Lindqvist', 198905050006, 735671234);



INSERT INTO Konton (Konto_ID, Kontonamn, Kontotyp, Kund_ID, Saldo)
VALUES
(8, 'Anna Svensson Sparkonto', 'Sparkonto', 14, 1000.00),
(9, 'Erik Johansson Lönekonto', 'Lönekonto', 15, 2000.00),
(10, 'Lisa Karlsson Sparkonto', 'Sparkonto', 16, 1500.00),
(11, 'Oskar Nilsson Lönekonto', 'Lönekonto', 17, 1200.00),
(12, 'Emma Andersson Sparkonto', 'Sparkonto', 18, 1800.00),
(13, 'Johan Persson Lönekonto', 'Lönekonto', 19, 2100.00),
(14, 'Karin Gustafsson Sparkonto', 'Sparkonto', 20, 2500.00),
(15, 'Fredrik Håkansson Lönekonto', 'Lönekonto', 21, 1600.00),
(16, 'Malin Bergström Sparkonto', 'Sparkonto', 22, 2200.00),
(17, 'Sara Lindqvist Lönekonto', 'Lönekonto', 14, 2300.00),
(18, 'Anna Svensson Lönekonto', 'Lönekonto', 15, 5000.00),
(19, 'Erik Johansson Sparkonto', 'Sparkonto', 16, 3000.00),
(20, 'Lisa Karlsson Lönekonto', 'Lönekonto', 17, 1100.00),
(21, 'Oskar Nilsson Sparkonto', 'Sparkonto', 18, 1800.00),
(22, 'Emma Andersson Lönekonto', 'Lönekonto', 19, 2200.00),
(23, 'Johan Persson Sparkonto', 'Sparkonto', 20, 2000.00),
(24, 'Karin Gustafsson Lönekonto', 'Lönekonto', 21, 4000.00),
(25, 'Fredrik Håkansson Sparkonto', 'Sparkonto', 22, 1300.00),
(26, 'Malin Bergström Lönekonto', 'Lönekonto', 14, 2500.00),
(27, 'Sara Lindqvist Sparkonto', 'Sparkonto', 15, 500.00);


INSERT INTO Transaktioner (ID, KontoID, Belopp, Datum, Typ) VALUES
(5, 8, 200.00, '2025-01-01 10:00:00.000', 'Insättning'),
(6, 9, 300.00, '2025-01-02 14:00:00.000', 'Uttag'),
(7, 10, 150.00, '2025-01-03 12:00:00.000', 'Insättning'),
(8, 11, 100.00, '2025-01-04 16:30:00.000', 'Uttag'),
(9, 12, 50.00, '2025-01-05 09:45:00.000', 'Insättning'),
(10, 13, 250.00, '2025-01-06 11:20:00.000', 'Uttag'),
(11, 14, 500.00, '2025-01-07 13:10:00.000', 'Insättning'),
(12, 15, 300.00, '2025-01-08 15:55:00.000', 'Uttag'),
(13, 16, 200.00, '2025-01-09 17:00:00.000', 'Insättning'),
(14, 17, 400.00, '2025-01-10 14:30:00.000', 'Uttag'),
(15, 18, 100.00, '2025-01-11 12:00:00.000', 'Insättning'),
(16, 19, 200.00, '2025-01-12 13:15:00.000', 'Uttag'),
(17, 20, 100.00, '2025-01-13 09:00:00.000', 'Insättning'),
(18, 21, 150.00, '2025-01-14 10:10:00.000', 'Uttag'),
(19, 22, 50.00, '2025-01-15 11:50:00.000', 'Insättning'),
(20, 23, 200.00, '2025-01-16 12:30:00.000', 'Uttag'),
(21, 24, 100.00, '2025-01-17 08:00:00.000', 'Insättning'),
(22, 25, 250.00, '2025-01-18 17:00:00.000', 'Uttag'),
(23, 26, 200.00, '2025-01-19 10:20:00.000', 'Insättning'),
(24, 27, 300.00, '2025-01-20 14:40:00.000', 'Uttag'),
(25, 8, 50.00, '2025-01-21 16:00:00.000', 'Insättning'),
(26, 9, 100.00, '2025-01-22 13:30:00.000', 'Uttag'),
(27, 10, 200.00, '2025-01-23 10:10:00.000', 'Insättning'),
(28, 11, 150.00, '2025-01-24 15:25:00.000', 'Uttag'),
(29, 12, 300.00, '2025-01-25 11:45:00.000', 'Insättning'),
(30, 13, 50.00, '2025-01-26 09:30:00.000', 'Uttag'),
(31, 14, 150.00, '2025-01-27 08:15:00.000', 'Insättning'),
(32, 15, 200.00, '2025-01-28 17:00:00.000', 'Uttag'),
(33, 16, 100.00, '2025-01-29 12:00:00.000', 'Insättning'),
(34, 17, 400.00, '2025-01-30 10:30:00.000', 'Uttag'),
(35, 18, 250.00, '2025-02-01 09:15:00.000', 'Insättning'),
(36, 19, 500.00, '2025-02-02 14:00:00.000', 'Uttag'),
(37, 20, 150.00, '2025-02-03 13:45:00.000', 'Insättning'),
(38, 21, 300.00, '2025-02-04 10:00:00.000', 'Uttag'),
(39, 22, 200.00, '2025-02-05 17:30:00.000', 'Insättning'),
(40, 23, 100.00, '2025-02-06 08:45:00.000', 'Uttag'),
(41, 24, 200.00, '2025-02-07 12:30:00.000', 'Insättning'),
(42, 25, 150.00, '2025-02-08 14:00:00.000', 'Uttag'),
(43, 26, 250.00, '2025-02-09 10:00:00.000', 'Insättning'),
(44, 27, 50.00, '2025-02-10 13:15:00.000', 'Uttag'),
(45, 8, 150.00, '2025-02-11 12:45:00.000', 'Insättning'),
(46, 9, 200.00, '2025-02-12 11:00:00.000', 'Uttag'),
(47, 10, 300.00, '2025-02-13 15:00:00.000', 'Insättning'),
(48, 11, 50.00, '2025-02-14 13:30:00.000', 'Uttag'),
(49, 12, 400.00, '2025-02-15 09:00:00.000', 'Insättning'),
(50, 13, 150.00, '2025-02-16 14:20:00.000', 'Uttag');



